go.mail.ru,Поиск Mail.Ru,259125
otvet.mail.ru,Ответы Mail.Ru,174969
NaPlatforme,Рекомендательная социальная сеть МирТесен,101150
liveinternet.ru,LiveInternet.ru - лучшая статистика в интернете бесплатно,29909
studopedia.ru,Студопедия — Ваша школопедия,13163
li.ru,Мобильная версия портала LiveInternet.ru,12482
lolz.guru,Форум социальной инженерии Lolzteam,10411
dug.in.ua,Женский онлайн журнал Жизнь как радуга - Сайт для женщин обо всем,8365
iklife.ru,Блог Василия Блинова - Как перейти на удалённую работу и начать путешествовать,5724
lurkmore.ru,Луркоморье,5016
kakoysegodnyaprazdnik.ru,Какой Сегодня Праздник?,4761
diary.ru,Diary.ru,4440
PLUSOX,Pluso X,3521
hsdigital/rn/mail,НГС.ПОЧТА,3029
exler.ru/blog,Блог Алекса Экслера,2672
tlgg.ru,Сделать ссылку на Telegram - удобная переадресация,2495
torlook.info,TorLook  - quick &amp; easy torrent search,2483
domenolog.ru,domenolog.ru,2403
etxt.ru,Биржа контента Etxt.ru,2327
ovgorskiy.ru,Главная страница OVGorskiy,2181
liveinternet.ru/stat,Рейтинг = статистика,2033
rankw.ru,RANKW.RU - Инструменты для вебмастеров и оптимизаторов,1692
zona.ru,Zona - фильмы и сериалы на вашем компьютере (программа для Windows),1515
korabel.ru,Корабел.ру - Судостроение. Судоходство. Судоремонт.,1466
internet-technologies.ru,Сайтостроение от А до Я,1453
liveinternet.ru/rating/ru,Liveinternet - главная страница рейтинга,1413
top-page.ru,Cтартовая страница,1277
social-network-widget.ru,SocialNetworkWidget,1260
lektsia.com,Лекция,1247
yapfiles.ru,ЯП Файлы - Удобный и бесплатный сервис для хранения медиа-файлов,1178
go.mail.ru,Поиск Mail.Ru,259125
otvet.mail.ru,Ответы Mail.Ru,174969
NaPlatforme,Рекомендательная социальная сеть МирТесен,101150
liveinternet.ru,LiveInternet.ru - лучшая статистика в интернете бесплатно,29909
studopedia.ru,Студопедия — Ваша школопедия,13163
li.ru,Мобильная версия портала LiveInternet.ru,12482
lolz.guru,Форум социальной инженерии Lolzteam,10411
dug.in.ua,Женский онлайн журнал Жизнь как радуга - Сайт для женщин обо всем,8365
iklife.ru,Блог Василия Блинова - Как перейти на удалённую работу и начать путешествовать,5724
lurkmore.ru,Луркоморье,5016
kakoysegodnyaprazdnik.ru,Какой Сегодня Праздник?,4761
diary.ru,Diary.ru,4440
PLUSOX,Pluso X,3521
hsdigital/rn/mail,НГС.ПОЧТА,3029
exler.ru/blog,Блог Алекса Экслера,2672
tlgg.ru,Сделать ссылку на Telegram - удобная переадресация,2495
torlook.info,TorLook  - quick &amp; easy torrent search,2483
domenolog.ru,domenolog.ru,2403
etxt.ru,Биржа контента Etxt.ru,2327
ovgorskiy.ru,Главная страница OVGorskiy,2181
liveinternet.ru/stat,Рейтинг = статистика,2033
rankw.ru,RANKW.RU - Инструменты для вебмастеров и оптимизаторов,1692
zona.ru,Zona - фильмы и сериалы на вашем компьютере (программа для Windows),1515
korabel.ru,Корабел.ру - Судостроение. Судоходство. Судоремонт.,1466
internet-technologies.ru,Сайтостроение от А до Я,1453
liveinternet.ru/rating/ru,Liveinternet - главная страница рейтинга,1413
top-page.ru,Cтартовая страница,1277
social-network-widget.ru,SocialNetworkWidget,1260
lektsia.com,Лекция,1247
yapfiles.ru,ЯП Файлы - Удобный и бесплатный сервис для хранения медиа-файлов,1178
go.mail.ru,Поиск Mail.Ru,259125
otvet.mail.ru,Ответы Mail.Ru,174969
NaPlatforme,Рекомендательная социальная сеть МирТесен,101150
liveinternet.ru,LiveInternet.ru - лучшая статистика в интернете бесплатно,29909
studopedia.ru,Студопедия — Ваша школопедия,13163
li.ru,Мобильная версия портала LiveInternet.ru,12482
lolz.guru,Форум социальной инженерии Lolzteam,10411
dug.in.ua,Женский онлайн журнал Жизнь как радуга - Сайт для женщин обо всем,8365
iklife.ru,Блог Василия Блинова - Как перейти на удалённую работу и начать путешествовать,5724
lurkmore.ru,Луркоморье,5016
kakoysegodnyaprazdnik.ru,Какой Сегодня Праздник?,4761
diary.ru,Diary.ru,4440
PLUSOX,Pluso X,3521
hsdigital/rn/mail,НГС.ПОЧТА,3029
exler.ru/blog,Блог Алекса Экслера,2672
tlgg.ru,Сделать ссылку на Telegram - удобная переадресация,2495
torlook.info,TorLook  - quick &amp; easy torrent search,2483
domenolog.ru,domenolog.ru,2403
etxt.ru,Биржа контента Etxt.ru,2327
ovgorskiy.ru,Главная страница OVGorskiy,2181
liveinternet.ru/stat,Рейтинг = статистика,2033
rankw.ru,RANKW.RU - Инструменты для вебмастеров и оптимизаторов,1692
zona.ru,Zona - фильмы и сериалы на вашем компьютере (программа для Windows),1515
korabel.ru,Корабел.ру - Судостроение. Судоходство. Судоремонт.,1466
internet-technologies.ru,Сайтостроение от А до Я,1453
liveinternet.ru/rating/ru,Liveinternet - главная страница рейтинга,1413
top-page.ru,Cтартовая страница,1277
social-network-widget.ru,SocialNetworkWidget,1260
lektsia.com,Лекция,1247
yapfiles.ru,ЯП Файлы - Удобный и бесплатный сервис для хранения медиа-файлов,1178
go.mail.ru,Поиск Mail.Ru,259125
otvet.mail.ru,Ответы Mail.Ru,174969
NaPlatforme,Рекомендательная социальная сеть МирТесен,101150
liveinternet.ru,LiveInternet.ru - лучшая статистика в интернете бесплатно,29909
studopedia.ru,Студопедия — Ваша школопедия,13163
li.ru,Мобильная версия портала LiveInternet.ru,12482
lolz.guru,Форум социальной инженерии Lolzteam,10411
dug.in.ua,Женский онлайн журнал Жизнь как радуга - Сайт для женщин обо всем,8365
iklife.ru,Блог Василия Блинова - Как перейти на удалённую работу и начать путешествовать,5724
lurkmore.ru,Луркоморье,5016
kakoysegodnyaprazdnik.ru,Какой Сегодня Праздник?,4761
diary.ru,Diary.ru,4440
PLUSOX,Pluso X,3521
hsdigital/rn/mail,НГС.ПОЧТА,3029
exler.ru/blog,Блог Алекса Экслера,2672
tlgg.ru,Сделать ссылку на Telegram - удобная переадресация,2495
torlook.info,TorLook  - quick &amp; easy torrent search,2483
domenolog.ru,domenolog.ru,2403
etxt.ru,Биржа контента Etxt.ru,2327
ovgorskiy.ru,Главная страница OVGorskiy,2181
liveinternet.ru/stat,Рейтинг = статистика,2033
rankw.ru,RANKW.RU - Инструменты для вебмастеров и оптимизаторов,1692
zona.ru,Zona - фильмы и сериалы на вашем компьютере (программа для Windows),1515
korabel.ru,Корабел.ру - Судостроение. Судоходство. Судоремонт.,1466
internet-technologies.ru,Сайтостроение от А до Я,1453
liveinternet.ru/rating/ru,Liveinternet - главная страница рейтинга,1413
top-page.ru,Cтартовая страница,1277
social-network-widget.ru,SocialNetworkWidget,1260
lektsia.com,Лекция,1247
yapfiles.ru,ЯП Файлы - Удобный и бесплатный сервис для хранения медиа-файлов,1178
go.mail.ru,Поиск Mail.Ru,259125
otvet.mail.ru,Ответы Mail.Ru,174969
NaPlatforme,Рекомендательная социальная сеть МирТесен,101150
liveinternet.ru,LiveInternet.ru - лучшая статистика в интернете бесплатно,29909
studopedia.ru,Студопедия — Ваша школопедия,13163
li.ru,Мобильная версия портала LiveInternet.ru,12482
lolz.guru,Форум социальной инженерии Lolzteam,10411
dug.in.ua,Женский онлайн журнал Жизнь как радуга - Сайт для женщин обо всем,8365
iklife.ru,Блог Василия Блинова - Как перейти на удалённую работу и начать путешествовать,5724
lurkmore.ru,Луркоморье,5016
kakoysegodnyaprazdnik.ru,Какой Сегодня Праздник?,4761
diary.ru,Diary.ru,4440
PLUSOX,Pluso X,3521
hsdigital/rn/mail,НГС.ПОЧТА,3029
exler.ru/blog,Блог Алекса Экслера,2672
tlgg.ru,Сделать ссылку на Telegram - удобная переадресация,2495
torlook.info,TorLook  - quick &amp; easy torrent search,2483
domenolog.ru,domenolog.ru,2403
etxt.ru,Биржа контента Etxt.ru,2327
ovgorskiy.ru,Главная страница OVGorskiy,2181
liveinternet.ru/stat,Рейтинг = статистика,2033
rankw.ru,RANKW.RU - Инструменты для вебмастеров и оптимизаторов,1692
zona.ru,Zona - фильмы и сериалы на вашем компьютере (программа для Windows),1515
korabel.ru,Корабел.ру - Судостроение. Судоходство. Судоремонт.,1466
internet-technologies.ru,Сайтостроение от А до Я,1453
liveinternet.ru/rating/ru,Liveinternet - главная страница рейтинга,1413
top-page.ru,Cтартовая страница,1277
social-network-widget.ru,SocialNetworkWidget,1260
lektsia.com,Лекция,1247
yapfiles.ru,ЯП Файлы - Удобный и бесплатный сервис для хранения медиа-файлов,1178
go.mail.ru,Поиск Mail.Ru,259125
otvet.mail.ru,Ответы Mail.Ru,174969
NaPlatforme,Рекомендательная социальная сеть МирТесен,101150
liveinternet.ru,LiveInternet.ru - лучшая статистика в интернете бесплатно,29909
studopedia.ru,Студопедия — Ваша школопедия,13163
li.ru,Мобильная версия портала LiveInternet.ru,12482
lolz.guru,Форум социальной инженерии Lolzteam,10411
dug.in.ua,Женский онлайн журнал Жизнь как радуга - Сайт для женщин обо всем,8365
iklife.ru,Блог Василия Блинова - Как перейти на удалённую работу и начать путешествовать,5724
lurkmore.ru,Луркоморье,5016
kakoysegodnyaprazdnik.ru,Какой Сегодня Праздник?,4761
diary.ru,Diary.ru,4440
PLUSOX,Pluso X,3521
hsdigital/rn/mail,НГС.ПОЧТА,3029
exler.ru/blog,Блог Алекса Экслера,2672
tlgg.ru,Сделать ссылку на Telegram - удобная переадресация,2495
torlook.info,TorLook  - quick &amp; easy torrent search,2483
domenolog.ru,domenolog.ru,2403
etxt.ru,Биржа контента Etxt.ru,2327
ovgorskiy.ru,Главная страница OVGorskiy,2181
liveinternet.ru/stat,Рейтинг = статистика,2033
rankw.ru,RANKW.RU - Инструменты для вебмастеров и оптимизаторов,1692
zona.ru,Zona - фильмы и сериалы на вашем компьютере (программа для Windows),1515
korabel.ru,Корабел.ру - Судостроение. Судоходство. Судоремонт.,1466
internet-technologies.ru,Сайтостроение от А до Я,1453
liveinternet.ru/rating/ru,Liveinternet - главная страница рейтинга,1413
top-page.ru,Cтартовая страница,1277
social-network-widget.ru,SocialNetworkWidget,1260
lektsia.com,Лекция,1247
yapfiles.ru,ЯП Файлы - Удобный и бесплатный сервис для хранения медиа-файлов,1178
go.mail.ru,Поиск Mail.Ru,259125
otvet.mail.ru,Ответы Mail.Ru,174969
NaPlatforme,Рекомендательная социальная сеть МирТесен,101150
liveinternet.ru,LiveInternet.ru - лучшая статистика в интернете бесплатно,29909
studopedia.ru,Студопедия — Ваша школопедия,13163
li.ru,Мобильная версия портала LiveInternet.ru,12482
lolz.guru,Форум социальной инженерии Lolzteam,10411
dug.in.ua,Женский онлайн журнал Жизнь как радуга - Сайт для женщин обо всем,8365
iklife.ru,Блог Василия Блинова - Как перейти на удалённую работу и начать путешествовать,5724
lurkmore.ru,Луркоморье,5016
kakoysegodnyaprazdnik.ru,Какой Сегодня Праздник?,4761
diary.ru,Diary.ru,4440
PLUSOX,Pluso X,3521
hsdigital/rn/mail,НГС.ПОЧТА,3029
exler.ru/blog,Блог Алекса Экслера,2672
tlgg.ru,Сделать ссылку на Telegram - удобная переадресация,2495
torlook.info,TorLook  - quick &amp; easy torrent search,2483
domenolog.ru,domenolog.ru,2403
etxt.ru,Биржа контента Etxt.ru,2327
ovgorskiy.ru,Главная страница OVGorskiy,2181
liveinternet.ru/stat,Рейтинг = статистика,2033
rankw.ru,RANKW.RU - Инструменты для вебмастеров и оптимизаторов,1692
zona.ru,Zona - фильмы и сериалы на вашем компьютере (программа для Windows),1515
korabel.ru,Корабел.ру - Судостроение. Судоходство. Судоремонт.,1466
internet-technologies.ru,Сайтостроение от А до Я,1453
liveinternet.ru/rating/ru,Liveinternet - главная страница рейтинга,1413
top-page.ru,Cтартовая страница,1277
social-network-widget.ru,SocialNetworkWidget,1260
lektsia.com,Лекция,1247
yapfiles.ru,ЯП Файлы - Удобный и бесплатный сервис для хранения медиа-файлов,1178
go.mail.ru,Поиск Mail.Ru,259125
otvet.mail.ru,Ответы Mail.Ru,174969
NaPlatforme,Рекомендательная социальная сеть МирТесен,101150
liveinternet.ru,LiveInternet.ru - лучшая статистика в интернете бесплатно,29909
studopedia.ru,Студопедия — Ваша школопедия,13163
li.ru,Мобильная версия портала LiveInternet.ru,12482
lolz.guru,Форум социальной инженерии Lolzteam,10411
dug.in.ua,Женский онлайн журнал Жизнь как радуга - Сайт для женщин обо всем,8365
iklife.ru,Блог Василия Блинова - Как перейти на удалённую работу и начать путешествовать,5724
lurkmore.ru,Луркоморье,5016
kakoysegodnyaprazdnik.ru,Какой Сегодня Праздник?,4761
diary.ru,Diary.ru,4440
PLUSOX,Pluso X,3521
hsdigital/rn/mail,НГС.ПОЧТА,3029
exler.ru/blog,Блог Алекса Экслера,2672
tlgg.ru,Сделать ссылку на Telegram - удобная переадресация,2495
torlook.info,TorLook  - quick &amp; easy torrent search,2483
domenolog.ru,domenolog.ru,2403
etxt.ru,Биржа контента Etxt.ru,2327
ovgorskiy.ru,Главная страница OVGorskiy,2181
liveinternet.ru/stat,Рейтинг = статистика,2033
rankw.ru,RANKW.RU - Инструменты для вебмастеров и оптимизаторов,1692
zona.ru,Zona - фильмы и сериалы на вашем компьютере (программа для Windows),1515
korabel.ru,Корабел.ру - Судостроение. Судоходство. Судоремонт.,1466
internet-technologies.ru,Сайтостроение от А до Я,1453
liveinternet.ru/rating/ru,Liveinternet - главная страница рейтинга,1413
top-page.ru,Cтартовая страница,1277
social-network-widget.ru,SocialNetworkWidget,1260
lektsia.com,Лекция,1247
yapfiles.ru,ЯП Файлы - Удобный и бесплатный сервис для хранения медиа-файлов,1178
go.mail.ru,Поиск Mail.Ru,259125
otvet.mail.ru,Ответы Mail.Ru,174969
NaPlatforme,Рекомендательная социальная сеть МирТесен,101150
liveinternet.ru,LiveInternet.ru - лучшая статистика в интернете бесплатно,29909
studopedia.ru,Студопедия — Ваша школопедия,13163
li.ru,Мобильная версия портала LiveInternet.ru,12482
lolz.guru,Форум социальной инженерии Lolzteam,10411
dug.in.ua,Женский онлайн журнал Жизнь как радуга - Сайт для женщин обо всем,8365
iklife.ru,Блог Василия Блинова - Как перейти на удалённую работу и начать путешествовать,5724
lurkmore.ru,Луркоморье,5016
kakoysegodnyaprazdnik.ru,Какой Сегодня Праздник?,4761
diary.ru,Diary.ru,4440
PLUSOX,Pluso X,3521
hsdigital/rn/mail,НГС.ПОЧТА,3029
exler.ru/blog,Блог Алекса Экслера,2672
tlgg.ru,Сделать ссылку на Telegram - удобная переадресация,2495
torlook.info,TorLook  - quick &amp; easy torrent search,2483
domenolog.ru,domenolog.ru,2403
etxt.ru,Биржа контента Etxt.ru,2327
ovgorskiy.ru,Главная страница OVGorskiy,2181
liveinternet.ru/stat,Рейтинг = статистика,2033
rankw.ru,RANKW.RU - Инструменты для вебмастеров и оптимизаторов,1692
zona.ru,Zona - фильмы и сериалы на вашем компьютере (программа для Windows),1515
korabel.ru,Корабел.ру - Судостроение. Судоходство. Судоремонт.,1466
internet-technologies.ru,Сайтостроение от А до Я,1453
liveinternet.ru/rating/ru,Liveinternet - главная страница рейтинга,1413
top-page.ru,Cтартовая страница,1277
social-network-widget.ru,SocialNetworkWidget,1260
lektsia.com,Лекция,1247
yapfiles.ru,ЯП Файлы - Удобный и бесплатный сервис для хранения медиа-файлов,1178
go.mail.ru,Поиск Mail.Ru,259125
otvet.mail.ru,Ответы Mail.Ru,174969
NaPlatforme,Рекомендательная социальная сеть МирТесен,101150
liveinternet.ru,LiveInternet.ru - лучшая статистика в интернете бесплатно,29909
studopedia.ru,Студопедия — Ваша школопедия,13163
li.ru,Мобильная версия портала LiveInternet.ru,12482
lolz.guru,Форум социальной инженерии Lolzteam,10411
dug.in.ua,Женский онлайн журнал Жизнь как радуга - Сайт для женщин обо всем,8365
iklife.ru,Блог Василия Блинова - Как перейти на удалённую работу и начать путешествовать,5724
lurkmore.ru,Луркоморье,5016
kakoysegodnyaprazdnik.ru,Какой Сегодня Праздник?,4761
diary.ru,Diary.ru,4440
PLUSOX,Pluso X,3521
hsdigital/rn/mail,НГС.ПОЧТА,3029
exler.ru/blog,Блог Алекса Экслера,2672
tlgg.ru,Сделать ссылку на Telegram - удобная переадресация,2495
torlook.info,TorLook  - quick &amp; easy torrent search,2483
domenolog.ru,domenolog.ru,2403
etxt.ru,Биржа контента Etxt.ru,2327
ovgorskiy.ru,Главная страница OVGorskiy,2181
liveinternet.ru/stat,Рейтинг = статистика,2033
rankw.ru,RANKW.RU - Инструменты для вебмастеров и оптимизаторов,1692
zona.ru,Zona - фильмы и сериалы на вашем компьютере (программа для Windows),1515
korabel.ru,Корабел.ру - Судостроение. Судоходство. Судоремонт.,1466
internet-technologies.ru,Сайтостроение от А до Я,1453
liveinternet.ru/rating/ru,Liveinternet - главная страница рейтинга,1413
top-page.ru,Cтартовая страница,1277
social-network-widget.ru,SocialNetworkWidget,1260
lektsia.com,Лекция,1247
yapfiles.ru,ЯП Файлы - Удобный и бесплатный сервис для хранения медиа-файлов,1178
